{"epoch": 14, "training loss": 1885.956787109375, "validation loss": 1877.009033203125, "_runtime": 9582, "_timestamp": 1638479944, "_step": 14, "_wandb": {"runtime": 9753}}