{"epoch": 0, "training loss": 88.87088775634766, "validation loss": 91.73526763916016, "_runtime": 705, "_timestamp": 1638582479, "_step": 0, "_wandb": {"runtime": 791}}