{"epoch": 0, "training loss": 103.60375213623047, "validation loss": 101.97164916992188, "_runtime": 687, "_timestamp": 1638584211, "_step": 0, "_wandb": {"runtime": 699}}