{"epoch": 6, "training loss": 163.48208618164062, "validation loss": 123.94851684570312, "_runtime": 6652, "_timestamp": 1638710934, "_step": 6}