{"epoch": 8, "training loss": 197.66635131835938, "validation loss": 100.8089599609375, "_runtime": 8187, "_timestamp": 1638712469, "_step": 8}