{"epoch": 55, "training loss": 1854.466064453125, "validation loss": 1846.1336669921875, "_runtime": 35902, "_timestamp": 1638516126, "_step": 55, "_wandb": {"runtime": 36271}}