{"epoch": 50, "training loss": 564.439453125, "validation loss": 968.7930297851562, "_runtime": 40208, "_timestamp": 1638686500, "_step": 50, "_wandb": {"runtime": 40246}}