{"epoch": 13, "training loss": 1433.4368896484375, "validation loss": 1385.412353515625, "_runtime": 11554, "_timestamp": 1638657846, "_step": 13}