{"epoch": 14, "training loss": 1384.1204833984375, "validation loss": 1311.6845703125, "_runtime": 12329, "_timestamp": 1638658621, "_step": 14}