{"epoch": 7, "training loss": 1881.97705078125, "validation loss": 1874.831298828125, "_runtime": 5759, "_timestamp": 1638464809, "_step": 7, "_wandb": {"runtime": 6198}}