{"epoch": 32, "training loss": 920.5505981445312, "validation loss": 906.1174926757812, "_runtime": 21125, "_timestamp": 1638538150, "_step": 32}