{"epoch": 28, "training loss": 1028.336669921875, "validation loss": 1039.0576171875, "_runtime": 18560, "_timestamp": 1638535585, "_step": 28}