{"epoch": 99, "training loss": 96.95001220703125, "validation loss": 96.66272735595703, "_runtime": 64113, "_timestamp": 1638581138, "_step": 99, "_wandb": {"runtime": 64114}}