{"validation loss": 845.4274291992188, "_step": 101, "epoch": 7, "_runtime": 67717, "_timestamp": 1638698039, "training loss": 858.6458129882812, "_wandb": {"runtime": 68265}}