{"_step": 41, "epoch": 0, "_runtime": 26767, "_timestamp": 1638611768, "training loss": 50.232486724853516, "validation loss": 50.62901306152344}