{"_step": 84, "epoch": 43, "_runtime": 54283, "_timestamp": 1638639284, "training loss": 40.990299224853516, "validation loss": 42.574851989746094}