{"epoch": 5, "training loss": 58.940975189208984, "validation loss": 58.0077018737793, "_runtime": 4340, "_timestamp": 1638456675, "_step": 5, "_wandb": {"runtime": 4553}}