{"epoch": 24, "training loss": 161.5703887939453, "validation loss": 111.20303344726562, "_runtime": 19305, "_timestamp": 1638738946, "_step": 24, "_wandb": {"runtime": 19655}}