epoch,Lc_loss,Lr_loss,Pm*_loss,Pm_loss,loss,lr,val_Lc_loss,val_Lr_loss,val_Pm*_loss,val_Pm_loss,val_loss
0,10.905901908874512,10.531549453735352,0.9466794729232788,1.1886240243911743,1.1150449514389038,0.01,57.64588928222656,55.32072067260742,1.2230414152145386,3.951451301574707,5.7526350021362305
1,8.808046340942383,8.21855354309082,0.9362062215805054,1.0798954963684082,0.8920882344245911,0.01,54.9588508605957,53.958797454833984,1.2038681507110596,3.9156389236450195,5.548834800720215
