epoch,Lc_loss,Lr_loss,Pm*_loss,Pm_loss,loss,lr,val_Lc_loss,val_Lr_loss,val_Pm*_loss,val_Pm_loss,val_loss
0,8.864409446716309,8.762025833129883,0.9346574544906616,1.0788990259170532,0.9219767451286316,0.001,56.82811737060547,56.213523864746094,1.2172359228134155,3.816898822784424,5.7535600662231445
1,7.119742393493652,6.867205619812012,0.9141271114349365,0.9981555342674255,0.7379770278930664,0.001,55.82230758666992,54.47714614868164,1.237328052520752,3.8363940715789795,5.617074489593506
2,6.6763200759887695,6.3497796058654785,0.907947838306427,0.979268491268158,0.6894401907920837,0.001,53.940860748291016,52.739990234375,1.2336524724960327,3.81644606590271,5.435633182525635
3,6.398874759674072,6.034651279449463,0.9045357704162598,0.9691120982170105,0.6595380902290344,0.001,53.11493682861328,52.3775749206543,1.2237293720245361,3.8571627140045166,5.376802444458008
4,6.19962739944458,5.807048797607422,0.9021377563476562,0.9622026085853577,0.6380095481872559,0.001,52.13063430786133,51.38625717163086,1.2031691074371338,3.8265562057495117,5.276983737945557
5,6.044503211975098,5.630079746246338,0.9002258777618408,0.9571870565414429,0.6212695837020874,0.001,51.96104049682617,51.41516876220703,1.2066543102264404,3.855536460876465,5.270560264587402
6,5.9268622398376465,5.493677616119385,0.8986746668815613,0.953458309173584,0.6084644198417664,0.001,52.43741226196289,51.87005615234375,1.204803228378296,3.856448173522949,5.317091941833496
