epoch,Lc_loss,Lr_loss,Pm*_loss,Pm_loss,loss,lr,val_Lc_loss,val_Lr_loss,val_Pm*_loss,val_Pm_loss,val_loss
0,10.905901908874512,10.531549453735352,0.9466794729232788,1.1886240243911743,1.1150449514389038,0.01,57.64588928222656,55.32072067260742,1.2230414152145386,3.951451301574707,5.7526350021362305
1,8.808046340942383,8.21855354309082,0.9362062215805054,1.0798954963684082,0.8920882344245911,0.01,54.9588508605957,53.958797454833984,1.2038681507110596,3.9156389236450195,5.548834800720215
2,8.376484870910645,7.720681667327881,0.9330106377601624,1.0545059442520142,0.8450278639793396,0.01,56.9284553527832,53.83273696899414,1.2100141048431396,3.818079710006714,5.639091491699219
3,8.183687210083008,7.461564064025879,0.9307063817977905,1.039710521697998,0.8220759034156799,0.01,54.89588165283203,54.924827575683594,1.1985011100769043,3.8920578956604004,5.59330415725708
4,8.042236328125,7.278082847595215,0.928986668586731,1.0311784744262695,0.8056190013885498,0.01,53.51154708862305,52.926841735839844,1.2015668153762817,3.861163377761841,5.4236321449279785
5,7.937442779541016,7.136459827423096,0.9283924698829651,1.0260566473007202,0.7931833267211914,0.01,51.45308303833008,51.35666275024414,1.2034995555877686,3.851341962814331,5.242067813873291
6,7.822425842285156,6.989090919494629,0.9280738830566406,1.023391842842102,0.7800054550170898,0.01,52.39927673339844,52.309974670410156,1.196819543838501,3.8892006874084473,5.337635517120361
