{"_runtime": 58754, "_timestamp": 1638643755, "training loss": 42.15802001953125, "validation loss": 42.79727554321289, "_step": 91, "epoch": 50}