{"epoch": 40, "training loss": 112.17548370361328, "validation loss": 75.8685073852539, "_runtime": 26056, "_timestamp": 1638610964, "_step": 40, "_wandb": {"runtime": 26074}}